<keymap version="1" name="SoyHuCe" parent="Default for XWin">
  <action id="$Redo">
    <keyboard-shortcut first-keystroke="shift ctrl z" />
    <keyboard-shortcut first-keystroke="shift alt back_space" />
    <keyboard-shortcut first-keystroke="ctrl y" />
  </action>
  <action id="ActivateCodeStreamToolWindow">
    <keyboard-shortcut first-keystroke="f12" />
  </action>
  <action id="ActivateDatabaseToolWindow">
    <keyboard-shortcut first-keystroke="f7" />
  </action>
  <action id="ActivateDebugToolWindow">
    <keyboard-shortcut first-keystroke="alt 5" />
    <keyboard-shortcut first-keystroke="f11" />
  </action>
  <action id="ActivateFindToolWindow">
    <keyboard-shortcut first-keystroke="f8" />
  </action>
  <action id="ActivateProjectToolWindow">
    <keyboard-shortcut first-keystroke="alt 1" />
    <keyboard-shortcut first-keystroke="f5" />
  </action>
  <action id="ActivateRunToolWindow">
    <keyboard-shortcut first-keystroke="alt 4" />
    <keyboard-shortcut first-keystroke="f6" />
  </action>
  <action id="ActivateTerminalToolWindow">
    <keyboard-shortcut first-keystroke="alt f12" />
    <keyboard-shortcut first-keystroke="f9" />
  </action>
  <action id="ActivateVersionControlToolWindow">
    <keyboard-shortcut first-keystroke="f10" />
  </action>
  <action id="CopyElement" />
  <action id="DatabaseView.CopyTable" />
  <action id="DebugClass">
    <keyboard-shortcut first-keystroke="shift ctrl f11" />
  </action>
  <action id="Editor Redo">
    <keyboard-shortcut first-keystroke="ctrl y" />
  </action>
  <action id="EditorDeleteLine">
    <keyboard-shortcut first-keystroke="ctrl d" />
  </action>
  <action id="EditorDuplicate" />
  <action id="FindPrevious">
    <keyboard-shortcut first-keystroke="shift f3" />
  </action>
  <action id="Git.CompareWithBranch">
    <keyboard-shortcut first-keystroke="alt c" />
  </action>
  <action id="GotoFile">
    <keyboard-shortcut first-keystroke="shift ctrl n" />
    <mouse-shortcut keystroke="shift button1" />
  </action>
  <action id="JumpToLastWindow" />
  <action id="LocalHistory.ShowHistory">
    <keyboard-shortcut first-keystroke="alt h" />
  </action>
  <action id="Macro.Format, Optimize imports and Save">
    <keyboard-shortcut first-keystroke="alt s" />
  </action>
  <action id="Move" />
  <action id="NextDiff" />
  <action id="NextTab" />
  <action id="PhpGenerateConstructor">
    <keyboard-shortcut first-keystroke="alt g" second-keystroke="c" />
  </action>
  <action id="PhpGenerateGetters">
    <keyboard-shortcut first-keystroke="alt g" second-keystroke="g" />
  </action>
  <action id="PhpGeneratePhpDocBlocks">
    <keyboard-shortcut first-keystroke="alt g" second-keystroke="d" />
  </action>
  <action id="PhpGenerateSetters">
    <keyboard-shortcut first-keystroke="alt g" second-keystroke="s" />
  </action>
  <action id="PreviousTab" />
  <action id="Refactorings.QuickListPopupAction">
    <keyboard-shortcut first-keystroke="alt r" />
  </action>
  <action id="ReformatCode">
    <keyboard-shortcut first-keystroke="shift ctrl l" />
  </action>
  <action id="RenameElement">
    <keyboard-shortcut first-keystroke="ctrl r" />
  </action>
  <action id="Replace">
    <keyboard-shortcut first-keystroke="alt f" />
  </action>
  <action id="Rerun">
    <keyboard-shortcut first-keystroke="ctrl f5" />
    <keyboard-shortcut first-keystroke="shift ctrl f5" />
  </action>
  <action id="Resume" />
  <action id="RunCoverage">
    <keyboard-shortcut first-keystroke="shift ctrl f9" />
  </action>
  <action id="StepInto" />
  <action id="StringManipulation.ToCamelCase">
    <keyboard-shortcut first-keystroke="alt t" second-keystroke="c" />
  </action>
  <action id="StringManipulation.ToHyphenCaseOrCamelCase">
    <keyboard-shortcut first-keystroke="alt t" second-keystroke="k" />
  </action>
  <action id="StringManipulation.ToSnakeCase">
    <keyboard-shortcut first-keystroke="alt t" second-keystroke="s" />
  </action>
  <action id="SwitchApply">
    <keyboard-shortcut first-keystroke="shift alt enter" />
  </action>
  <action id="SwitchDown">
    <keyboard-shortcut first-keystroke="shift alt down" />
  </action>
  <action id="SwitchLeft">
    <keyboard-shortcut first-keystroke="shift alt left" />
  </action>
  <action id="SwitchRight">
    <keyboard-shortcut first-keystroke="shift alt right" />
  </action>
  <action id="SwitchUp">
    <keyboard-shortcut first-keystroke="shift alt up" />
  </action>
  <action id="ToggleBookmark" />
  <action id="cc.takacs.php_codeverage_display.toolbar.enable">
    <keyboard-shortcut first-keystroke="alt c" />
  </action>
  <action id="nl.deschepers.laraveltinker.action.SmartAction">
    <keyboard-shortcut first-keystroke="alt k" />
  </action>
  <action id="osmedile.intellij.stringmanip.PopupChoiceAction" />
  <action id="osmedile.intellij.stringmanip.ToLowerCaseAction">
    <keyboard-shortcut first-keystroke="alt t" second-keystroke="l" />
  </action>
  <action id="osmedile.intellij.stringmanip.ToUpperCaseAction">
    <keyboard-shortcut first-keystroke="alt t" second-keystroke="u" />
  </action>
</keymap>