<application>
  <component name="DefaultFont">
    <option name="FONT_SIZE" value="20" />
    <option name="FONT_SCALE" value="1.25" />
  </component>
  <component name="EditorSettings">
    <option name="USE_SOFT_WRAPS" value="" />
    <option name="STRIP_TRAILING_SPACES" value="Whole" />
    <option name="IS_ENSURE_NEWLINE_AT_EOF" value="true" />
    <option name="PRESELECT_RENAME" value="false" />
    <option name="SHOW_NOTIFICATION_AFTER_REFORMAT_CODE_ACTION" value="false" />
    <option name="SHOW_NOTIFICATION_AFTER_OPTIMIZE_IMPORTS_ACTION" value="false" />
  </component>
</application>