<application>
  <component name="ExportableFileTemplateSettings">
    <default_templates>
      <template name="Laravel Command.php" reformat="true" live-template-enabled="true" />
      <template name="Laravel Controller.php" reformat="true" live-template-enabled="true" />
      <template name="Laravel Factory.php" reformat="true" live-template-enabled="true" />
      <template name="Laravel Middleware.php" reformat="true" live-template-enabled="true" />
      <template name="Laravel Model.php" reformat="true" live-template-enabled="true" />
      <template name="Laravel Request.php" reformat="true" live-template-enabled="true" />
      <template name="Laravel Resource.php" reformat="true" live-template-enabled="true" />
      <template name="Laravel Seeder.php" reformat="true" live-template-enabled="true" />
      <template name="Laravel Test.php" reformat="true" live-template-enabled="true" />
    </default_templates>
    <includes_templates>
      <template name="PHP File Header.php" reformat="true" live-template-enabled="false" enabled="false" />
      <template name="PHP Test Class Doc Comment.php" reformat="true" live-template-enabled="true" />
    </includes_templates>
  </component>
</application>