<application>
  <component name="FileTypeManager" version="19">
    <ignoreFiles list="*.pyc;*.pyo;*.rbc;*.yarb;*~;.DS_Store;.git;.hg;.mypy_cache;.pytest_cache;.ruff_cache;.svn;.vagrant;CVS;__pycache__;_svn;vssver.scc;vssver2.scc" />
    <extensionMap>
      <mapping pattern="3f622a7bb66903fbd416f20a9e050a9b3a960e1c" type="AUTO_DETECTED" />
      <mapping pattern="2813b865f028c00b3619e1928ccab8e8cba232d4" type="AUTO_DETECTED" />
      <mapping pattern="invoice-footer" type="AUTO_DETECTED" />
      <mapping pattern="model-new-eloquent-builder" type="AUTO_DETECTED" />
      <mapping pattern="aa36d90d0b10a225eb4ee3e4d89b38b0d98a6156" type="AUTO_DETECTED" />
      <mapping pattern="Dockerfile*" type="Dockerfile" />
      <mapping pattern="pictureAnqU64FPcvxL4H2IqW6SBA2TUAK1sgJWk3Faehdg2-k" type="Native" />
      <mapping pattern="photo6da6ab6bddd3973efb31d308a94ca5eb97a37f2a" type="Native" />
      <mapping pattern="photoCFiNxo9diO5uX016Yz9zyc7GhNKkORM8e8Oz6IDmv5E" type="Native" />
      <mapping pattern="photo0cc766ee3bf3d6fac0a25e4fe277e9c640b495a4" type="Native" />
      <mapping pattern="photoaec0cbaf7dc0f3fee9304262459f3be95ffef831" type="Native" />
      <mapping pattern="icona19dad8f2ebc6c87f4b33a9ec488905c4dffb9a8" type="Native" />
      <mapping pattern="identity_file850568bc85af5c919856bc862e3776ddbc2859b0" type="Native" />
      <mapping pattern="icon309a50ad2bc643bbed27c87ba9ec2fae2850d23d" type="Native" />
      <mapping pattern="identity_filee59639f4228c46e9f7f65577c112ac5b170c856e" type="Native" />
      <mapping pattern="filetuxEzzGoOmFBGA35-8yUJNNlZsHAsahGZXySv5TSmPs" type="Native" />
      <mapping pattern="pictureE0vU01_SverdThNxyZsdrr6D-A1Jvk3sODwMrbwZTxo" type="Native" />
      <mapping pattern="fileGroF2Qzlg7slnGPARes5nw8sUt1U_0vdFkV9ehJWcAs" type="Native" />
      <mapping pattern="photoe4c31037301465af86e08464869e2a584b22ea55" type="Native" />
      <mapping pattern="photo7021f8bb0259a09f71b78d297d9659def02f3808" type="Native" />
      <mapping ext="drawio" type="Native" />
      <mapping ext="ods" type="Native" />
      <mapping ext="webp" type="Native" />
      <mapping ext="mwb" type="Native" />
      <mapping pattern="phpunit-to-cobertura" type="PHP" />
      <mapping pattern=".php_cs" type="PHP" />
      <mapping pattern="artisan" type="PHP" />
      <mapping pattern=".gitattributes" type="PLAIN_TEXT" />
      <mapping pattern=".gititgnore" type="PLAIN_TEXT" />
      <mapping pattern=".prettierignore" type="PLAIN_TEXT" />
      <mapping pattern=".toclean" type="PLAIN_TEXT" />
      <mapping pattern=".toclear" type="PLAIN_TEXT" />
      <mapping pattern=".dockerignore" type="PLAIN_TEXT" />
      <mapping pattern=".gitkeep" type="PLAIN_TEXT" />
      <mapping pattern="Dockerfile-testing" type="PLAIN_TEXT" />
      <mapping pattern="gitconfig_global" type="PLAIN_TEXT" />
      <mapping pattern=".docker-compose.env.swp" type="PLAIN_TEXT" />
      <mapping pattern="StatisticsTitle" type="PLAIN_TEXT" />
      <mapping pattern=".gitattribute" type="PLAIN_TEXT" />
      <mapping pattern="Historian" type="PLAIN_TEXT" />
      <mapping pattern="3f7855195a983b6394df7b4e32dce69041e8fd0d" type="PLAIN_TEXT" />
      <mapping pattern=".zsh_aliases" type="PLAIN_TEXT" />
      <mapping pattern="plop" type="PLAIN_TEXT" />
      <mapping ext="py" type="PLAIN_TEXT" />
      <mapping ext="bak" type="PLAIN_TEXT" />
      <mapping ext="old" type="PLAIN_TEXT" />
      <mapping ext="gitkeep" type="PLAIN_TEXT" />
      <mapping ext="stub" type="PLAIN_TEXT" />
      <mapping ext="toml" type="PLAIN_TEXT" />
      <mapping ext="lan" type="PLAIN_TEXT" />
      <mapping ext="gdsl" type="PLAIN_TEXT" />
      <mapping ext="box" type="PLAIN_TEXT" />
      <mapping ext="gitkepp" type="PLAIN_TEXT" />
      <mapping ext="dump" type="PLAIN_TEXT" />
      <mapping ext="properties" type="PLAIN_TEXT" />
      <mapping ext="neon" type="YAML" />
      <removed_mapping ext="dockerignore" approved="true" type="DockerIgnore file" />
      <removed_mapping ext="ignore" approved="true" type="IgnoreLang file" />
      <removed_mapping ext="log" approved="true" type="PLAIN_TEXT" />
      <removed_mapping ext="pdf" approved="true" type="Native" />
      <removed_mapping ext="stub" approved="true" type="PHP" />
      <removed_mapping ext="webp" approved="true" type="Image" />
      <removed_mapping pattern=".dockerignore" approved="true" type="DockerIgnore file" />
      <removed_mapping pattern=".env.default" approved="true" type="PLAIN_TEXT" />
      <removed_mapping pattern=".env.dev" approved="true" type="PLAIN_TEXT" />
      <removed_mapping pattern=".env.local" approved="true" type="PLAIN_TEXT" />
      <removed_mapping pattern=".env.preprod" approved="true" type="PLAIN_TEXT" />
      <removed_mapping pattern=".env.prod" approved="true" type="PLAIN_TEXT" />
      <removed_mapping pattern=".env.pros" approved="true" type="PLAIN_TEXT" />
      <removed_mapping pattern=".env.test" approved="true" type="PLAIN_TEXT" />
      <removed_mapping pattern=".env.testing" approved="true" type="PLAIN_TEXT" />
      <removed_mapping pattern=".env.vagrant" approved="true" type="PLAIN_TEXT" />
      <removed_mapping pattern=".prettierignore" approved="true" type="Prettier File" />
      <removed_mapping pattern=".stylelintrc" approved="true" type="JSON" />
      <removed_mapping pattern="Vagrantfile" approved="true" type="PLAIN_TEXT" />
      <removed_mapping pattern="email.blade.php" approved="true" type="PLAIN_TEXT" />
    </extensionMap>
  </component>
</application>