<application>
  <component name="FileTypeManager" version="17">
    <ignoreFiles list="*.hprof;*.pyc;*.pyo;*.rbc;*.yarb;*~;.DS_Store;.git;.hg;.svn;.vagrant;CVS;__pycache__;_svn;vssver.scc;vssver2.scc;" />
    <extensionMap>
      <mapping pattern="photoe4c31037301465af86e08464869e2a584b22ea55" type="Native" />
      <mapping pattern="pictureE0vU01_SverdThNxyZsdrr6D-A1Jvk3sODwMrbwZTxo" type="Native" />
      <mapping pattern="filetuxEzzGoOmFBGA35-8yUJNNlZsHAsahGZXySv5TSmPs" type="Native" />
      <mapping pattern="fileGroF2Qzlg7slnGPARes5nw8sUt1U_0vdFkV9ehJWcAs" type="Native" />
      <mapping pattern="identity_filee59639f4228c46e9f7f65577c112ac5b170c856e" type="Native" />
      <mapping pattern="photoCFiNxo9diO5uX016Yz9zyc7GhNKkORM8e8Oz6IDmv5E" type="Native" />
      <mapping pattern="photo6da6ab6bddd3973efb31d308a94ca5eb97a37f2a" type="Native" />
      <mapping pattern="identity_file850568bc85af5c919856bc862e3776ddbc2859b0" type="Native" />
      <mapping pattern="pictureAnqU64FPcvxL4H2IqW6SBA2TUAK1sgJWk3Faehdg2-k" type="Native" />
      <mapping pattern="icona19dad8f2ebc6c87f4b33a9ec488905c4dffb9a8" type="Native" />
      <mapping pattern="photo0cc766ee3bf3d6fac0a25e4fe277e9c640b495a4" type="Native" />
      <mapping pattern="icon309a50ad2bc643bbed27c87ba9ec2fae2850d23d" type="Native" />
      <mapping pattern="photo7021f8bb0259a09f71b78d297d9659def02f3808" type="Native" />
      <mapping pattern="photoaec0cbaf7dc0f3fee9304262459f3be95ffef831" type="Native" />
      <mapping ext="webp" type="Native" />
      <mapping ext="mwb" type="Native" />
      <mapping pattern="artisan" type="PHP" />
      <mapping pattern="Dockerfile" type="PLAIN_TEXT" />
      <mapping pattern="Dockerfile-testing" type="PLAIN_TEXT" />
      <mapping pattern=".gitkeep" type="PLAIN_TEXT" />
      <mapping pattern=".gititgnore" type="PLAIN_TEXT" />
      <mapping pattern=".editorconfig" type="PLAIN_TEXT" />
      <mapping ext="box" type="PLAIN_TEXT" />
      <mapping ext="properties" type="PLAIN_TEXT" />
      <mapping ext="gdsl" type="PLAIN_TEXT" />
      <mapping ext="sqlite" type="PLAIN_TEXT" />
      <mapping ext="old" type="PLAIN_TEXT" />
      <mapping ext="bak" type="PLAIN_TEXT" />
      <removed_mapping pattern=".env.testing" approved="true" type="PLAIN_TEXT" />
      <removed_mapping pattern=".env.vagrant" approved="true" type="PLAIN_TEXT" />
      <removed_mapping pattern="email.blade.php" approved="true" type="PLAIN_TEXT" />
      <removed_mapping pattern=".env.dev" approved="true" type="PLAIN_TEXT" />
      <removed_mapping pattern=".env.test" approved="true" type="PLAIN_TEXT" />
      <removed_mapping pattern=".env.prod" approved="true" type="PLAIN_TEXT" />
      <removed_mapping pattern=".env.pros" approved="true" type="PLAIN_TEXT" />
      <removed_mapping pattern="Vagrantfile" approved="true" type="PLAIN_TEXT" />
      <removed_mapping pattern=".env.preprod" approved="true" type="PLAIN_TEXT" />
      <removed_mapping pattern=".env.local" approved="true" type="PLAIN_TEXT" />
      <removed_mapping pattern=".env.default" approved="true" type="PLAIN_TEXT" />
      <mapping pattern="Dockerfile*" type="Dockerfile" />
    </extensionMap>
  </component>
</application>