<application>
  <component name="LanguageInjectionConfiguration">
    <injection language="SQL" injector-id="js">
      <display-name>&quot;SQL select/delete/insert/update/create&quot;</display-name>
      <place disabled="true"><![CDATA[jsLiteralExpression().andNot(jsArgument("executeSql", 0)).andNot(asAssignedValue("text", "flash.data.SQLStatement")).andNot(asAssignedValue("text", "*", "dbStatement")).andNot(asAssignedValue("text", "*", "statement", "st")).withText(string().matchesBrics("[\"'`] *(((SELECT|DELETE) .*FROM)|((INSERT|REPLACE) .*INTO)|(UPDATE .* SET)|((CREATE|DROP|ALTER) +((TEMPORARY )?TABLE|(UNIQUE )?INDEX))) .*[\"'`]?"))]]></place>
    </injection>
    <injection language="SQL" injector-id="js">
      <display-name>&quot;SQL tagged string&quot;</display-name>
      <place disabled="true"><![CDATA[taggedString("sql").andNot(jsArgument("executeSql", 0)).andNot(asAssignedValue("text", "flash.data.SQLStatement")).andNot(asAssignedValue("text", "*", "dbStatement")).andNot(asAssignedValue("text", "*", "statement", "st"))]]></place>
    </injection>
    <injection language="SQLite" injector-id="js">
      <display-name>HTML5 SQL Database (SQLite)</display-name>
      <place disabled="true"><![CDATA[jsLiteralExpression().and(jsArgument("executeSql", 0))]]></place>
    </injection>
    <injection language="SQLite" injector-id="js">
      <display-name>flash.data (SQLite)</display-name>
      <place disabled="true"><![CDATA[jsLiteralExpression().and(asAssignedValue("text", "*", "dbStatement"))]]></place>
      <place disabled="true"><![CDATA[jsLiteralExpression().and(asAssignedValue("text", "*", "statement", "st").withText(string().matchesBrics("[\"'`] *(((SELECT|DELETE) .*FROM)|((INSERT|REPLACE) .*INTO)|(UPDATE .*SET)|((CREATE|DROP|ALTER) +(TABLE|INDEX))) .*[\"'`]?")))]]></place>
      <place disabled="true"><![CDATA[jsLiteralExpression().and(asAssignedValue("text", "flash.data.SQLStatement"))]]></place>
    </injection>
    <injection language="CSS" injector-id="php">
      <display-name>&lt;&lt;&lt; CSS</display-name>
      <place disabled="true"><![CDATA[phpLiteralExpression("CSS")]]></place>
    </injection>
    <injection language="HTML" injector-id="php">
      <display-name>&lt;&lt;&lt; HTML</display-name>
      <place disabled="true"><![CDATA[phpLiteralExpression("HTML")]]></place>
    </injection>
    <injection language="JavaScript" injector-id="php">
      <display-name>&lt;&lt;&lt; JS</display-name>
      <place disabled="true"><![CDATA[phpLiteralExpression("JS")]]></place>
    </injection>
    <injection language="RegExp" injector-id="php">
      <display-name>&lt;&lt;&lt; REGEXP</display-name>
      <place disabled="true"><![CDATA[phpLiteralExpression("REGEXP")]]></place>
    </injection>
    <injection language="XML" injector-id="php">
      <display-name>&lt;&lt;&lt; XML</display-name>
      <place disabled="true"><![CDATA[phpLiteralExpression("XML")]]></place>
    </injection>
    <injection language="JSON" injector-id="sql" pattern="(?i)json(b)?">
      <display-name>(?i)json(b)?</display-name>
    </injection>
    <injection language="PostgreSQL" injector-id="sql" pattern="(?i)regclass" fragment="SQL_TABLE_REFERENCE" hosts="PostgreSQL">
      <display-name>(?i)regclass</display-name>
    </injection>
    <injection language="PostgreSQL" injector-id="sql" pattern="(?i)regconfig" fragment="SQL_REFERENCE" hosts="PostgreSQL">
      <display-name>(?i)regconfig</display-name>
    </injection>
    <injection language="PostgreSQL" injector-id="sql" pattern="(?i)regdictionary" fragment="SQL_REFERENCE" hosts="PostgreSQL">
      <display-name>(?i)regdictionary</display-name>
    </injection>
    <injection language="PostgreSQL" injector-id="sql" pattern="(?i)regnamespace" fragment="SQL_SCHEMA_REFERENCE" hosts="PostgreSQL">
      <display-name>(?i)regnamespace</display-name>
    </injection>
    <injection language="PostgreSQL" injector-id="sql" pattern="(?i)regoper" fragment="SQL_OPERATOR_REFERENCE" hosts="PostgreSQL">
      <display-name>(?i)regoper</display-name>
    </injection>
    <injection language="PostgreSQL" injector-id="sql" pattern="(?i)regoperator" fragment="SQL_OPERATOR_SIGNATURE" hosts="PostgreSQL">
      <display-name>(?i)regoperator</display-name>
    </injection>
    <injection language="PostgreSQL" injector-id="sql" pattern="(?i)regproc" fragment="SQL_FUNCTION_REFERENCE" hosts="PostgreSQL">
      <display-name>(?i)regproc</display-name>
    </injection>
    <injection language="PostgreSQL" injector-id="sql" pattern="(?i)regprocedure" fragment="SQL_FUNCTION_SIGNATURE" hosts="PostgreSQL">
      <display-name>(?i)regprocedure</display-name>
    </injection>
    <injection language="PostgreSQL" injector-id="sql" pattern="(?i)regrole" fragment="SQL_ROLE_REFERENCE" hosts="PostgreSQL">
      <display-name>(?i)regrole</display-name>
    </injection>
    <injection language="PostgreSQL" injector-id="sql" pattern="(?i)regtype" fragment="SQL_TYPE_ELEMENT" hosts="PostgreSQL">
      <display-name>(?i)regtype</display-name>
    </injection>
    <injection language="XML" injector-id="sql" pattern="(?i)xml(type)?">
      <display-name>(?i)xml(type)?</display-name>
    </injection>
    <injection language="XML" injector-id="sql">
      <display-name>Derby XML</display-name>
      <place disabled="true"><![CDATA[sqlElement().forDialects("Derby").functionArgument(0, sqlFunctionCall().name("xmlparse").params(sqlExpressions().count(1)))]]></place>
    </injection>
    <injection language="RegExp" injector-id="sql">
      <display-name>EXASOL RegExp</display-name>
      <place disabled="true"><![CDATA[sqlElement().forDialects("Exasol").binaryExpressionArgument(1, sqlBinaryExpression().operation(leafTokens("regexp_like").or("not", "regexp_like")))]]></place>
      <place disabled="true"><![CDATA[sqlElement().forDialects("Exasol").functionArgument(1, sqlFunctionCall().name("regexp_instr", "regexp_substr").params(sqlExpressions().count(2, 4)))]]></place>
      <place disabled="true"><![CDATA[sqlElement().forDialects("Exasol").functionArgument(1, sqlFunctionCall().name("regexp_replace").params(sqlExpressions().count(2, 5)))]]></place>
    </injection>
    <injection language="RegExp" injector-id="sql">
      <display-name>H2 RegExp</display-name>
      <place disabled="true"><![CDATA[sqlElement().forDialects("H2").binaryExpressionArgument(1, sqlBinaryExpression().operation(leafTokens("regexp").or("not", "regexp")))]]></place>
      <place disabled="true"><![CDATA[sqlElement().forDialects("H2").functionArgument(1, sqlFunctionCall().name("regexp_like").params(sqlExpressions().count(2, 3)))]]></place>
      <place disabled="true"><![CDATA[sqlElement().forDialects("H2").functionArgument(1, sqlFunctionCall().name("regexp_replace").params(sqlExpressions().count(3, 4)))]]></place>
    </injection>
    <injection language="RegExp" injector-id="sql">
      <display-name>HSQL RegExp</display-name>
      <place disabled="true"><![CDATA[sqlElement().forDialects("HSQLDB").functionArgument(1, sqlFunctionCall().name("regexp_matches", "regexp_substring", "regexp_substring_array").params(sqlExpressions().count(2)))]]></place>
      <place disabled="true"><![CDATA[sqlElement().forDialects("HSQLDB").functionArgument(1, sqlFunctionCall().name("regexp_replace").params(sqlExpressions().count(3)))]]></place>
    </injection>
    <injection language="RegExp" injector-id="sql">
      <display-name>MySQL RegExp</display-name>
      <place disabled="true"><![CDATA[sqlElement().forDialects("MySQL").binaryExpressionArgument(1, sqlBinaryExpression().operation(leafTokens("regexp").or("not", "regexp").or("rlike").or("not", "rlike")))]]></place>
    </injection>
    <injection language="XML" injector-id="sql">
      <display-name>MySQL XML</display-name>
      <place disabled="true"><![CDATA[sqlElement().forDialects("MySQL").functionArgument(0, sqlFunctionCall().name("ExtractValue").params(sqlExpressions().count(2)))]]></place>
      <place disabled="true"><![CDATA[sqlElement().forDialects("MySQL").functionArgument(0, sqlFunctionCall().name("UpdateXML").params(sqlExpressions().count(3)))]]></place>
      <place disabled="true"><![CDATA[sqlElement().forDialects("MySQL").functionArgument(2, sqlFunctionCall().name("UpdateXML").params(sqlExpressions().count(3)))]]></place>
    </injection>
    <injection language="JSON" injector-id="sql">
      <display-name>Oracle JSON</display-name>
      <place disabled="true"><![CDATA[sqlElement().forDialects("Oracle").functionArgument(0, -1, 1, sqlFunctionCall().name("json_array"))]]></place>
      <place disabled="true"><![CDATA[sqlElement().forDialects("Oracle").functionArgument(0, sqlFunctionCall().name("json_query", "json_value", "json_array_agg"))]]></place>
      <place disabled="true"><![CDATA[sqlElement().forDialects("Oracle").functionArgument(0, sqlFunctionCall().name("json_table"))]]></place>
      <place disabled="true"><![CDATA[sqlElement().forDialects("Oracle").functionArgument(1, -1, 2, sqlFunctionCall().name("json_object"))]]></place>
      <place disabled="true"><![CDATA[sqlElement().forDialects("Oracle").functionArgument(1, sqlFunctionCall().name("json_object_agg"))]]></place>
    </injection>
    <injection language="RegExp" injector-id="sql">
      <display-name>Oracle RegExp</display-name>
      <place disabled="true"><![CDATA[sqlElement().forDialects("Oracle").functionArgument(1, sqlFunctionCall().name("regexp_count").params(sqlExpressions().count(2, 4)))]]></place>
      <place disabled="true"><![CDATA[sqlElement().forDialects("Oracle").functionArgument(1, sqlFunctionCall().name("regexp_instr").params(sqlExpressions().count(2, 7)))]]></place>
      <place disabled="true"><![CDATA[sqlElement().forDialects("Oracle").functionArgument(1, sqlFunctionCall().name("regexp_like").params(sqlExpressions().count(2, 3)))]]></place>
      <place disabled="true"><![CDATA[sqlElement().forDialects("Oracle").functionArgument(1, sqlFunctionCall().name("regexp_replace", "regexp_substr").params(sqlExpressions().count(2, 6)))]]></place>
    </injection>
    <injection language="XML" injector-id="sql">
      <display-name>Oracle XML</display-name>
      <place disabled="true"><![CDATA[sqlElement().forDialects("Oracle").functionArgument(0, sqlFunctionCall().name("xmlparse", "xmltype").params(sqlExpressions().count(1)))]]></place>
      <place disabled="true"><![CDATA[sqlElement().forDialects("Oracle").functionArgument(0, sqlFunctionCall().name("xmlserialize"))]]></place>
    </injection>
    <injection language="RegExp" injector-id="sql">
      <display-name>PostgreSQL RegExp</display-name>
      <place disabled="true"><![CDATA[sqlElement().forDialects("PostgreSQL").binaryExpressionArgument(1, sqlBinaryExpression().left(sqlExpression().withType("text")).operationNames("~", "~*", "!~", "!~*"))]]></place>
      <place disabled="true"><![CDATA[sqlElement().forDialects("PostgreSQL").binaryExpressionArgument(1, sqlBinaryExpression().operation(leafTokens("similar", "to").or("not", "similar", "to")))]]></place>
      <place disabled="true"><![CDATA[sqlElement().forDialects("PostgreSQL").functionArgument(1, sqlFunctionCall().name("regexp_replace").params(sqlExpressions().count(3, 4)))]]></place>
      <place disabled="true"><![CDATA[sqlElement().forDialects("PostgreSQL").functionArgument(1, sqlFunctionCall().name("substr", "substring", "regexp_match", "regexp_matches", "regexp_split_to_array", "regexp_split_to_table").params(sqlExpressions().count(2, 3)))]]></place>
    </injection>
    <injection language="PostgreSQL" injector-id="sql">
      <display-name>PostgreSQL dblink</display-name>
      <place disabled="true"><![CDATA[sqlElement().forDialects("PostgreSQL").functionArgument(0, sqlFunctionCall().name("dblink", "dblink_exec").params(sqlExpressions().count(1, 2).atOpt(1, sqlExpression().withType("boolean"))))]]></place>
      <place disabled="true"><![CDATA[sqlElement().forDialects("PostgreSQL").functionArgument(1, sqlFunctionCall().name("dblink", "dblink_exec").params(sqlExpressions().count(2, 3)))]]></place>
      <place disabled="true"><![CDATA[sqlElement().forDialects("PostgreSQL").functionArgument(1, sqlFunctionCall().name("dblink_open").params(sqlExpressions().count(2, 3).atOpt(2, sqlExpression().withType("boolean"))))]]></place>
      <place disabled="true"><![CDATA[sqlElement().forDialects("PostgreSQL").functionArgument(1, sqlFunctionCall().name("dblink_send_query").params(sqlExpressions().count(2)))]]></place>
      <place disabled="true"><![CDATA[sqlElement().forDialects("PostgreSQL").functionArgument(2, sqlFunctionCall().name("dblink_open").params(sqlExpressions().count(3, 4)))]]></place>
    </injection>
    <injection language="JSON" injector-id="sql">
      <display-name>SQL Server JSON</display-name>
      <place disabled="true"><![CDATA[sqlElement().forDialects("TSQL").functionArgument(0, sqlFunctionCall().name("openjson").params(sqlExpressions().count(1, 2)))]]></place>
    </injection>
    <injection language="RegExp" injector-id="sql">
      <display-name>Sqlite RegExp</display-name>
      <place disabled="true"><![CDATA[sqlElement().forDialects("SQLite").binaryExpressionArgument(1, sqlBinaryExpression().operation(leafTokens("regexp").or("not", "regexp")))]]></place>
    </injection>
    <injection language="XML" injector-id="sql">
      <display-name>Sybase XML</display-name>
      <place disabled="true"><![CDATA[sqlElement().forDialects("Sybase").binaryExpressionArgument(1, sqlBinaryExpression().operation(leafTokens("xmltest").or("not", "xmltest")))]]></place>
      <place disabled="true"><![CDATA[sqlElement().forDialects("Sybase").functionArgument(0, sqlFunctionCall().name("xmlparse", "xmlvalidate"))]]></place>
      <place disabled="true"><![CDATA[sqlElement().forDialects("Sybase").functionArgument(1, sqlFunctionCall().name("xmlextract"))]]></place>
    </injection>
    <injection language="JavaScript" injector-id="twig">
      <display-name>block javascript</display-name>
      <place disabled="true"><![CDATA[twigBlock("javascript")]]></place>
    </injection>
    <injection language="JavaScript" injector-id="twig">
      <display-name>custom statement javascript</display-name>
      <place disabled="true"><![CDATA[twigCustomStatement("script")]]></place>
    </injection>
    <injection language="PostCSS" injector-id="xml">
      <display-name>Postcss in vuejs</display-name>
      <place><![CDATA[xmlTag().withLocalName(string().equalTo("script"))]]></place>
    </injection>
    <injection language="CSS" injector-id="xml">
      <display-name>style</display-name>
      <place><![CDATA[xmlTag().withLocalName(string().equalTo("style")).withNamespace(string().equalTo("http://www.w3.org/1999/xhtml"))]]></place>
      <xpath-condition>lower-case(@type)='text/css'</xpath-condition>
    </injection>
  </component>
</application>