<application>
  <component name="ActionMacroManager">
    <macro name="Format and Save">
      <action id="ReformatCode" />
      <action id="EditorUp" />
      <action id="ReformatCode" />
      <action id="EditorDown" />
      <action id="SaveAll" />
    </macro>
    <macro name="Format, Optimize imports and Save">
      <action id="ReformatCode" />
      <action id="EditorUp" />
      <action id="ReformatCode" />
      <action id="EditorDown" />
      <action id="OptimizeImports" />
      <action id="SaveAll" />
    </macro>
    <macro name="Format, Optimize imports, rearange code and save">
      <action id="ReformatCode" />
      <action id="EditorUp" />
      <action id="ReformatCode" />
      <action id="EditorDown" />
      <action id="OptimizeImports" />
      <action id="RearrangeCode" />
      <action id="SaveAll" />
    </macro>
  </component>
</application>
