<application>
  <component name="AppInspectionProfilesVisibleTreeState">
    <entry key="Default">
      <profile-state>
        <expanded-state>
          <State>
            <id />
          </State>
        </expanded-state>
        <selected-state>
          <State>
            <id>BashSupport</id>
          </State>
        </selected-state>
      </profile-state>
    </entry>
    <entry key="Project Default">
      <profile-state>
        <expanded-state>
          <State>
            <id />
          </State>
        </expanded-state>
        <selected-state>
          <State>
            <id>BashSupport</id>
          </State>
        </selected-state>
      </profile-state>
    </entry>
  </component>
  <component name="CodeStyleSchemesUIConfiguration">
    <option name="RECENT_IMPORT_FILE_LOCATION" value="file:$USER_HOME$/Laravel-soyhuce.xml" />
  </component>
  <component name="CvsApplicationLevelConfiguration">
    <option name="PATH_TO_PASSWORD_FILE" value="$userdir/.cvspass" />
  </component>
  <component name="NodeJsLocalInterpreters">
    <local-interpreter path="/opt/node-v5.5.0-linux-x64/bin/node" />
    <local-interpreter path="/usr/bin/node">
      <version-cache version="10.14.2" last-modified="1544479133000" />
    </local-interpreter>
  </component>
  <component name="RecentTaskRepositories">
    <YouTrack shared="false" url="http://youtrack.soyhuce.lan">
      <commitMessageFormat>{id} {summary}</commitMessageFormat>
      <option name="defaultSearch" value="projet: AlgoRH sort by: updated #{Sprint 1} " />
      <password>dff9dfe2dfc8df8cdfc7dffadfe6df9adf9edfc6dfcedfcbdfda</password>
      <option name="loginAnonymously" value="false" />
      <option name="preferredCloseTaskState" />
      <option name="preferredOpenTaskState" />
      <option name="shouldFormatCommitMessage" value="false" />
      <option name="useHttpAuthentication" value="false" />
      <option name="useProxy" value="false" />
      <username>bastien.philippe</username>
    </YouTrack>
  </component>
  <component name="SvgViewer.Settings">
    <option name="PLUGIN_ENABLED" value="true" />
  </component>
</application>