<application>
  <component name="PhpCodeSniffer">
    <phpcs_settings>
      <PhpCSConfiguration standards="MySource;PEAR;PSR1;PSR2;Squiz;Zend" tool_path="$USER_HOME$/dev/opensource/bastien-phi-laravel-ide-helper/vendor/bin/phpcs" />
    </phpcs_settings>
  </component>
  <component name="PhpInterpreters">
    <interpreters>
      <interpreter id="a06cd974-0a9f-4468-8305-75cc09a16e21" name="PHP 7" home="/usr/bin/php7.4" debugger_id="php.debugger.XDebug" debugger_extension="/usr/lib/php/20190902/xdebug.so" />
      <interpreter id="56aa1cf0-a340-4833-8330-e60c78cb2f1d" name="PHP 8" home="/usr/bin/php8.0" debugger_id="php.debugger.XDebug" />
    </interpreters>
  </component>
  <component name="PhpInterpretersPhpInfoCache">
    <phpInfoCache>
      <interpreter name="PHP 7">
        <phpinfo binary_type="PHP" php_cli="/usr/bin/php7.4" path_separator=":" version="7.4.12">
          <additional_php_ini>/etc/php/7.4/cli/conf.d/10-mysqlnd.ini, /etc/php/7.4/cli/conf.d/10-opcache.ini, /etc/php/7.4/cli/conf.d/10-pdo.ini, /etc/php/7.4/cli/conf.d/15-xml.ini, /etc/php/7.4/cli/conf.d/20-bcmath.ini, /etc/php/7.4/cli/conf.d/20-calendar.ini, /etc/php/7.4/cli/conf.d/20-ctype.ini, /etc/php/7.4/cli/conf.d/20-curl.ini, /etc/php/7.4/cli/conf.d/20-dom.ini, /etc/php/7.4/cli/conf.d/20-exif.ini, /etc/php/7.4/cli/conf.d/20-ffi.ini, /etc/php/7.4/cli/conf.d/20-fileinfo.ini, /etc/php/7.4/cli/conf.d/20-ftp.ini, /etc/php/7.4/cli/conf.d/20-gd.ini, /etc/php/7.4/cli/conf.d/20-gettext.ini, /etc/php/7.4/cli/conf.d/20-iconv.ini, /etc/php/7.4/cli/conf.d/20-igbinary.ini, /etc/php/7.4/cli/conf.d/20-imagick.ini, /etc/php/7.4/cli/conf.d/20-intl.ini, /etc/php/7.4/cli/conf.d/20-json.ini, /etc/php/7.4/cli/conf.d/20-mbstring.ini, /etc/php/7.4/cli/conf.d/20-mysqli.ini, /etc/php/7.4/cli/conf.d/20-pdo_mysql.ini, /etc/php/7.4/cli/conf.d/20-pdo_pgsql.ini, /etc/php/7.4/cli/conf.d/20-pdo_sqlite.ini, /etc/php/7.4/cli/conf.d/20-pgsql.ini, /etc/php/7.4/cli/conf.d/20-phar.ini, /etc/php/7.4/cli/conf.d/20-posix.ini, /etc/php/7.4/cli/conf.d/20-propro.ini, /etc/php/7.4/cli/conf.d/20-raphf.ini, /etc/php/7.4/cli/conf.d/20-readline.ini, /etc/php/7.4/cli/conf.d/20-redis.ini, /etc/php/7.4/cli/conf.d/20-shmop.ini, /etc/php/7.4/cli/conf.d/20-simplexml.ini, /etc/php/7.4/cli/conf.d/20-sockets.ini, /etc/php/7.4/cli/conf.d/20-sqlite3.ini, /etc/php/7.4/cli/conf.d/20-sysvmsg.ini, /etc/php/7.4/cli/conf.d/20-sysvsem.ini, /etc/php/7.4/cli/conf.d/20-sysvshm.ini, /etc/php/7.4/cli/conf.d/20-tokenizer.ini, /etc/php/7.4/cli/conf.d/20-xdebug.ini, /etc/php/7.4/cli/conf.d/20-xmlreader.ini, /etc/php/7.4/cli/conf.d/20-xmlwriter.ini, /etc/php/7.4/cli/conf.d/20-xsl.ini, /etc/php/7.4/cli/conf.d/20-yaml.ini, /etc/php/7.4/cli/conf.d/20-zip.ini, /etc/php/7.4/cli/conf.d/25-http.ini</additional_php_ini>
          <configuration_file>/etc/php/7.4/cli/php.ini</configuration_file>
          <configuration_options>
            <configuration_option name="include_path" value=".:/usr/share/php" />
          </configuration_options>
          <debuggers>
            <debugger_info debugger="xdebug" debugger_version="2.9.8">
              <debug_extensions />
            </debugger_info>
          </debuggers>
          <loaded_extensions>
            <extension name="Core" />
            <extension name="FFI" />
            <extension name="PDO" />
            <extension name="Phar" />
            <extension name="Reflection" />
            <extension name="SPL" />
            <extension name="SimpleXML" />
            <extension name="Zend OPcache" />
            <extension name="bcmath" />
            <extension name="calendar" />
            <extension name="ctype" />
            <extension name="curl" />
            <extension name="date" />
            <extension name="dom" />
            <extension name="exif" />
            <extension name="fileinfo" />
            <extension name="filter" />
            <extension name="ftp" />
            <extension name="gd" />
            <extension name="gettext" />
            <extension name="hash" />
            <extension name="http" />
            <extension name="iconv" />
            <extension name="igbinary" />
            <extension name="imagick" />
            <extension name="intl" />
            <extension name="json" />
            <extension name="libxml" />
            <extension name="mbstring" />
            <extension name="mysqli" />
            <extension name="mysqlnd" />
            <extension name="openssl" />
            <extension name="pcntl" />
            <extension name="pcre" />
            <extension name="pdo_mysql" />
            <extension name="pdo_pgsql" />
            <extension name="pdo_sqlite" />
            <extension name="pgsql" />
            <extension name="posix" />
            <extension name="propro" />
            <extension name="raphf" />
            <extension name="readline" />
            <extension name="redis" />
            <extension name="session" />
            <extension name="shmop" />
            <extension name="sockets" />
            <extension name="sodium" />
            <extension name="sqlite3" />
            <extension name="standard" />
            <extension name="sysvmsg" />
            <extension name="sysvsem" />
            <extension name="sysvshm" />
            <extension name="tokenizer" />
            <extension name="xdebug" />
            <extension name="xml" />
            <extension name="xmlreader" />
            <extension name="xmlwriter" />
            <extension name="xsl" />
            <extension name="yaml" />
            <extension name="zip" />
            <extension name="zlib" />
          </loaded_extensions>
        </phpinfo>
      </interpreter>
      <interpreter name="PHP 8">
        <phpinfo binary_type="PHP" php_cli="/usr/bin/php8.0" path_separator=":" version="8.0.0RC3">
          <additional_php_ini>/etc/php/8.0/cli/conf.d/10-opcache.ini, /etc/php/8.0/cli/conf.d/10-pdo.ini, /etc/php/8.0/cli/conf.d/15-xml.ini, /etc/php/8.0/cli/conf.d/20-bcmath.ini, /etc/php/8.0/cli/conf.d/20-calendar.ini, /etc/php/8.0/cli/conf.d/20-ctype.ini, /etc/php/8.0/cli/conf.d/20-curl.ini, /etc/php/8.0/cli/conf.d/20-dom.ini, /etc/php/8.0/cli/conf.d/20-exif.ini, /etc/php/8.0/cli/conf.d/20-ffi.ini, /etc/php/8.0/cli/conf.d/20-fileinfo.ini, /etc/php/8.0/cli/conf.d/20-ftp.ini, /etc/php/8.0/cli/conf.d/20-gd.ini, /etc/php/8.0/cli/conf.d/20-gettext.ini, /etc/php/8.0/cli/conf.d/20-iconv.ini, /etc/php/8.0/cli/conf.d/20-igbinary.ini, /etc/php/8.0/cli/conf.d/20-imagick.ini, /etc/php/8.0/cli/conf.d/20-intl.ini, /etc/php/8.0/cli/conf.d/20-mbstring.ini, /etc/php/8.0/cli/conf.d/20-pdo_pgsql.ini, /etc/php/8.0/cli/conf.d/20-pdo_sqlite.ini, /etc/php/8.0/cli/conf.d/20-pgsql.ini, /etc/php/8.0/cli/conf.d/20-phar.ini, /etc/php/8.0/cli/conf.d/20-posix.ini, /etc/php/8.0/cli/conf.d/20-readline.ini, /etc/php/8.0/cli/conf.d/20-redis.ini, /etc/php/8.0/cli/conf.d/20-shmop.ini, /etc/php/8.0/cli/conf.d/20-simplexml.ini, /etc/php/8.0/cli/conf.d/20-sockets.ini, /etc/php/8.0/cli/conf.d/20-sqlite3.ini, /etc/php/8.0/cli/conf.d/20-sysvmsg.ini, /etc/php/8.0/cli/conf.d/20-sysvsem.ini, /etc/php/8.0/cli/conf.d/20-sysvshm.ini, /etc/php/8.0/cli/conf.d/20-tokenizer.ini, /etc/php/8.0/cli/conf.d/20-xdebug.ini, /etc/php/8.0/cli/conf.d/20-xmlreader.ini, /etc/php/8.0/cli/conf.d/20-xmlwriter.ini, /etc/php/8.0/cli/conf.d/20-xsl.ini, /etc/php/8.0/cli/conf.d/20-yaml.ini, /etc/php/8.0/cli/conf.d/20-zip.ini</additional_php_ini>
          <configuration_file>/etc/php/8.0/cli/php.ini</configuration_file>
          <configuration_options>
            <configuration_option name="include_path" value=".:/usr/share/php" />
          </configuration_options>
          <debuggers>
            <debugger_info debugger="xdebug" debugger_version="3.0.0beta1">
              <debug_extensions />
            </debugger_info>
          </debuggers>
          <loaded_extensions>
            <extension name="Core" />
            <extension name="FFI" />
            <extension name="PDO" />
            <extension name="Phar" />
            <extension name="Reflection" />
            <extension name="SPL" />
            <extension name="SimpleXML" />
            <extension name="Zend OPcache" />
            <extension name="bcmath" />
            <extension name="calendar" />
            <extension name="ctype" />
            <extension name="curl" />
            <extension name="date" />
            <extension name="dom" />
            <extension name="exif" />
            <extension name="fileinfo" />
            <extension name="filter" />
            <extension name="ftp" />
            <extension name="gd" />
            <extension name="gettext" />
            <extension name="hash" />
            <extension name="iconv" />
            <extension name="igbinary" />
            <extension name="imagick" />
            <extension name="intl" />
            <extension name="json" />
            <extension name="libxml" />
            <extension name="mbstring" />
            <extension name="openssl" />
            <extension name="pcntl" />
            <extension name="pcre" />
            <extension name="pdo_pgsql" />
            <extension name="pdo_sqlite" />
            <extension name="pgsql" />
            <extension name="posix" />
            <extension name="readline" />
            <extension name="redis" />
            <extension name="session" />
            <extension name="shmop" />
            <extension name="sockets" />
            <extension name="sodium" />
            <extension name="sqlite3" />
            <extension name="standard" />
            <extension name="sysvmsg" />
            <extension name="sysvsem" />
            <extension name="sysvshm" />
            <extension name="tokenizer" />
            <extension name="xdebug" />
            <extension name="xml" />
            <extension name="xmlreader" />
            <extension name="xmlwriter" />
            <extension name="xsl" />
            <extension name="yaml" />
            <extension name="zip" />
            <extension name="zlib" />
          </loaded_extensions>
        </phpinfo>
      </interpreter>
    </phpInfoCache>
  </component>
</application>