<application>
  <component name="ProjectManager">
    <defaultProject>
      <component name="ComposerJsonPluginSettings">
        <unboundedVersionInspectionSettings>
          <excludedPackages />
        </unboundedVersionInspectionSettings>
        <customRepositories />
        <composerUpdateOptions />
      </component>
      <component name="CoverageOptionsProvider">
        <option name="myAddOrReplace" value="0" />
      </component>
      <component name="Encoding" addBOMForNewFiles="with NO BOM" />
      <component name="InspectionProjectProfileManager">
        <profile version="1.0">
          <option name="myName" value="Project Default" />
          <inspection_tool class="BladeControlDirectives" enabled="false" level="WARNING" enabled_by_default="false" />
          <inspection_tool class="CheckDtdRefs" enabled="false" level="ERROR" enabled_by_default="false" />
          <inspection_tool class="CheckTagEmptyBody" enabled="false" level="WARNING" enabled_by_default="false" />
          <inspection_tool class="CheckXmlFileWithXercesValidator" enabled="false" level="ERROR" enabled_by_default="false" />
          <inspection_tool class="CssFloatPxLength" enabled="false" level="WEAK WARNING" enabled_by_default="false" />
          <inspection_tool class="CssInvalidAtRule" enabled="false" level="ERROR" enabled_by_default="false" />
          <inspection_tool class="CssInvalidCharsetRule" enabled="false" level="WARNING" enabled_by_default="false" />
          <inspection_tool class="CssInvalidElement" enabled="false" level="ERROR" enabled_by_default="false" />
          <inspection_tool class="CssInvalidFunction" enabled="false" level="ERROR" enabled_by_default="false" />
          <inspection_tool class="CssInvalidHtmlTagReference" enabled="false" level="WARNING" enabled_by_default="false" />
          <inspection_tool class="CssInvalidImport" enabled="false" level="WARNING" enabled_by_default="false" />
          <inspection_tool class="CssInvalidMediaFeature" enabled="false" level="ERROR" enabled_by_default="false" />
          <inspection_tool class="CssInvalidPropertyValue" enabled="false" level="ERROR" enabled_by_default="false" />
          <inspection_tool class="CssInvalidPseudoSelector" enabled="false" level="ERROR" enabled_by_default="false" />
          <inspection_tool class="CssMissingComma" enabled="false" level="WARNING" enabled_by_default="false" />
          <inspection_tool class="CssNegativeValue" enabled="false" level="ERROR" enabled_by_default="false" />
          <inspection_tool class="CssNoGenericFontName" enabled="false" level="WARNING" enabled_by_default="false" />
          <inspection_tool class="CssOptimizeSimilarProperties" enabled="false" level="WEAK WARNING" enabled_by_default="false" />
          <inspection_tool class="CssOverwrittenProperties" enabled="false" level="WARNING" enabled_by_default="false" />
          <inspection_tool class="CssRedundantUnit" enabled="false" level="WARNING" enabled_by_default="false" />
          <inspection_tool class="CssUnitlessNumber" enabled="false" level="WARNING" enabled_by_default="false" />
          <inspection_tool class="CssUnknownProperty" enabled="false" level="WARNING" enabled_by_default="false">
            <option name="myCustomPropertiesEnabled" value="false" />
            <option name="myIgnoreVendorSpecificProperties" value="false" />
            <option name="myCustomPropertiesList">
              <value>
                <list size="0" />
              </value>
            </option>
          </inspection_tool>
          <inspection_tool class="CssUnknownTarget" enabled="false" level="ERROR" enabled_by_default="false" />
          <inspection_tool class="CssUnresolvedClass" enabled="false" level="ERROR" enabled_by_default="false" />
          <inspection_tool class="CssUnresolvedCustomProperty" enabled="false" level="ERROR" enabled_by_default="false" />
          <inspection_tool class="CssUnresolvedCustomPropertySet" enabled="false" level="ERROR" enabled_by_default="false" />
          <inspection_tool class="CssUnusedSymbol" enabled="false" level="WARNING" enabled_by_default="false" />
          <inspection_tool class="IgnoreCoverEntry" enabled="false" level="WARNING" enabled_by_default="false" />
          <inspection_tool class="IgnoreDuplicateEntry" enabled="false" level="ERROR" enabled_by_default="false" />
          <inspection_tool class="IgnoreIncorrectEntry" enabled="false" level="ERROR" enabled_by_default="false" />
          <inspection_tool class="IgnoreRelativeEntry" enabled="false" level="ERROR" enabled_by_default="false" />
          <inspection_tool class="IgnoreSyntaxEntry" enabled="false" level="ERROR" enabled_by_default="false" />
          <inspection_tool class="IgnoreUnusedEntry" enabled="false" level="UNUSED ENTRY" enabled_by_default="false" />
          <inspection_tool class="LossyEncoding" enabled="false" level="WARNING" enabled_by_default="false" />
          <inspection_tool class="MysqlParsingInspection" enabled="false" level="WARNING" enabled_by_default="false" />
          <inspection_tool class="NonAsciiCharacters" enabled="false" level="WARNING" enabled_by_default="false" />
          <inspection_tool class="PhpUnhandledExceptionInspection" enabled="false" level="WARNING" enabled_by_default="false" />
          <inspection_tool class="SassScssResolvedByNameOnly" enabled="false" level="WEAK WARNING" enabled_by_default="false" />
          <inspection_tool class="SassScssUnresolvedMixin" enabled="false" level="WARNING" enabled_by_default="false" />
          <inspection_tool class="SassScssUnresolvedPlaceholderSelector" enabled="false" level="WARNING" enabled_by_default="false" />
          <inspection_tool class="SassScssUnresolvedVariable" enabled="false" level="WARNING" enabled_by_default="false" />
          <inspection_tool class="SqlAddNotNullColumnInspection" enabled="false" level="WARNING" enabled_by_default="false" />
          <inspection_tool class="SqlAmbiguousColumnInspection" enabled="false" level="WARNING" enabled_by_default="false" />
          <inspection_tool class="SqlAutoIncrementDuplicateInspection" enabled="false" level="WARNING" enabled_by_default="false" />
          <inspection_tool class="SqlCheckUsingColumnsInspection" enabled="false" level="WARNING" enabled_by_default="false" />
          <inspection_tool class="SqlConstantConditionInspection" enabled="false" level="WARNING" enabled_by_default="false" />
          <inspection_tool class="SqlDeprecateTypeInspection" enabled="false" level="WARNING" enabled_by_default="false" />
          <inspection_tool class="SqlDerivedTableAliasInspection" enabled="false" level="WARNING" enabled_by_default="false" />
          <inspection_tool class="SqlDialectInspection" enabled="false" level="WARNING" enabled_by_default="false" />
          <inspection_tool class="SqlDropIndexedColumnInspection" enabled="false" level="WARNING" enabled_by_default="false" />
          <inspection_tool class="SqlIdentifierInspection" enabled="false" level="WARNING" enabled_by_default="false" />
          <inspection_tool class="SqlInsertValuesInspection" enabled="false" level="WARNING" enabled_by_default="false" />
          <inspection_tool class="SqlNoDataSourceInspection" enabled="false" level="WARNING" enabled_by_default="false" />
          <inspection_tool class="SqlNullComparisonInspection" enabled="false" level="WARNING" enabled_by_default="false" />
          <inspection_tool class="SqlPostgresqlSelectFromProcedureInspection" enabled="false" level="WARNING" enabled_by_default="false" />
          <inspection_tool class="SqlResolveInspection" enabled="false" level="WARNING" enabled_by_default="false" />
          <inspection_tool class="SqlShouldBeInGroupByInspection" enabled="false" level="WARNING" enabled_by_default="false" />
          <inspection_tool class="SqlSignatureInspection" enabled="false" level="WARNING" enabled_by_default="false" />
          <inspection_tool class="SqlStorageInspection" enabled="false" level="WARNING" enabled_by_default="false" />
          <inspection_tool class="SqlTypeInspection" enabled="false" level="WARNING" enabled_by_default="false" />
          <inspection_tool class="SqlUnusedVariableInspection" enabled="false" level="WARNING" enabled_by_default="false" />
          <inspection_tool class="TaskProblemsInspection" enabled="false" level="WEAK WARNING" enabled_by_default="false" />
          <inspection_tool class="UnresolvedReference" enabled="false" level="ERROR" enabled_by_default="false" />
          <inspection_tool class="XmlDefaultAttributeValue" enabled="false" level="WARNING" enabled_by_default="false" />
          <inspection_tool class="XmlDuplicatedId" enabled="false" level="ERROR" enabled_by_default="false" />
          <inspection_tool class="XmlHighlighting" enabled="false" level="ERROR" enabled_by_default="false" />
          <inspection_tool class="XmlInvalidId" enabled="false" level="ERROR" enabled_by_default="false" />
          <inspection_tool class="XmlPathReference" enabled="false" level="ERROR" enabled_by_default="false" />
          <inspection_tool class="XmlUnboundNsPrefix" enabled="false" level="WARNING" enabled_by_default="false" />
          <inspection_tool class="XmlUnusedNamespaceDeclaration" enabled="false" level="WARNING" enabled_by_default="false" />
          <inspection_tool class="XmlWrongRootElement" enabled="false" level="ERROR" enabled_by_default="false" />
        </profile>
        <version value="1.0" />
      </component>
      <component name="PhpCodeSniffer">
        <phpcs_settings>
          <PhpCSConfiguration standards="MySource;PEAR;PSR1;PSR2;Squiz;Zend" tool_path="$USER_HOME$/dev/opensource/bastien-phi-laravel-ide-helper/vendor/bin/phpcs" />
        </phpcs_settings>
      </component>
      <component name="PhpWorkspaceProjectConfiguration" backward_compatibility_performed="true" />
      <component name="ProjectDictionaryState">
        <dictionary name="philippe" />
      </component>
      <component name="ProjectInspectionProfilesVisibleTreeState">
        <entry key="Project Default">
          <profile-state>
            <expanded-state>
              <State />
            </expanded-state>
            <selected-state>
              <State>
                <id>BashSupport</id>
              </State>
            </selected-state>
          </profile-state>
        </entry>
      </component>
      <component name="PropertiesComponent">
        <property name="nodejs_interpreter_path.stuck_in_default_project" value="undefined stuck path" />
        <property name="nodejs_npm_path_reset_for_default_project" value="true" />
        <property name="settings.editor.selected.configurable" value="configurable.group.build" />
      </component>
      <component name="SaveActionSettings">
        <option name="actions">
          <set>
            <option value="activate" />
            <option value="organizeImports" />
            <option value="reformat" />
          </set>
        </option>
        <option name="exclusions">
          <set>
            <option value=".*\.css" />
            <option value=".*\.js" />
            <option value=".*\.scss" />
            <option value=".*\.vue" />
          </set>
        </option>
      </component>
      <component name="VagrantProjectSettings">
        <option name="instanceFolder" value="" />
        <option name="provider" value="" />
      </component>
      <component name="masterDetails">
        <states>
          <state key="ScopeChooserConfigurable.UI">
            <settings>
              <splitter-proportions>
                <option name="proportions">
                  <list>
                    <option value="0.2" />
                  </list>
                </option>
              </splitter-proportions>
            </settings>
          </state>
        </states>
      </component>
    </defaultProject>
  </component>
</application>