<application>
  <component name="ApplicationTasksOptions">
    <global-watchers>
      <TaskOptions>
        <option name="arguments" value="--write $FilePathRelativeToProjectRoot$" />
        <option name="checkSyntaxErrors" value="true" />
        <option name="description" />
        <option name="exitCodeBehavior" value="ERROR" />
        <option name="fileExtension" value="js" />
        <option name="immediateSync" value="false" />
        <option name="name" value="PrettierJS" />
        <option name="output" value="$FilePathRelativeToProjectRoot$" />
        <option name="outputFilters">
          <array />
        </option>
        <option name="outputFromStdout" value="false" />
        <option name="program" value="/usr/bin/prettier" />
        <option name="runOnExternalChanges" value="false" />
        <option name="scopeName" value="Project Files" />
        <option name="trackOnlyRoot" value="false" />
        <option name="workingDir" value="$ProjectFileDir$" />
        <envs />
      </TaskOptions>
      <TaskOptions>
        <option name="arguments" value="--write $FilePathRelativeToProjectRoot$" />
        <option name="checkSyntaxErrors" value="true" />
        <option name="description" />
        <option name="exitCodeBehavior" value="ERROR" />
        <option name="fileExtension" value="scss" />
        <option name="immediateSync" value="false" />
        <option name="name" value="PrettierSCSS" />
        <option name="output" value="$FilePathRelativeToProjectRoot$" />
        <option name="outputFilters">
          <array />
        </option>
        <option name="outputFromStdout" value="false" />
        <option name="program" value="/usr/bin/prettier" />
        <option name="runOnExternalChanges" value="false" />
        <option name="scopeName" value="Project Files" />
        <option name="trackOnlyRoot" value="false" />
        <option name="workingDir" value="$ProjectFileDir$" />
        <envs />
      </TaskOptions>
      <TaskOptions>
        <option name="arguments" value="--write $FilePathRelativeToProjectRoot$" />
        <option name="checkSyntaxErrors" value="true" />
        <option name="description" />
        <option name="exitCodeBehavior" value="ERROR" />
        <option name="fileExtension" value="css" />
        <option name="immediateSync" value="false" />
        <option name="name" value="PrettierCSS" />
        <option name="output" value="$FilePathRelativeToProjectRoot$" />
        <option name="outputFilters">
          <array />
        </option>
        <option name="outputFromStdout" value="false" />
        <option name="program" value="/usr/bin/prettier" />
        <option name="runOnExternalChanges" value="false" />
        <option name="scopeName" value="Project Files" />
        <option name="trackOnlyRoot" value="false" />
        <option name="workingDir" value="$ProjectFileDir$" />
        <envs />
      </TaskOptions>
      <TaskOptions>
        <option name="arguments" value="--write $FilePathRelativeToProjectRoot$" />
        <option name="checkSyntaxErrors" value="true" />
        <option name="description" />
        <option name="exitCodeBehavior" value="ERROR" />
        <option name="fileExtension" value="vue" />
        <option name="immediateSync" value="false" />
        <option name="name" value="PrettierVue" />
        <option name="output" value="$FilePathRelativeToProjectRoot$" />
        <option name="outputFilters">
          <array />
        </option>
        <option name="outputFromStdout" value="false" />
        <option name="program" value="/usr/bin/prettier" />
        <option name="runOnExternalChanges" value="false" />
        <option name="scopeName" value="Project Files" />
        <option name="trackOnlyRoot" value="false" />
        <option name="workingDir" value="$ProjectFileDir$" />
        <envs />
      </TaskOptions>
    </global-watchers>
  </component>
</application>