<application>
  <component name="DimensionService">
    <location key="find.popup.0.0.1920.1200@120dpi" x="278" y="148" />
    <location key="find.popup.1920.0.1920.1200@120dpi" x="2198" y="148" />
    <location key="find.popup.1920.0.1920.1080@120dpi" x="573" y="112" />
    <location key="find.popup.3840.0.1920.1080@120dpi" x="4118" y="134" />
    <location key="find.popup.1920.0.2560.1440@120dpi" x="2718" y="239" />
    <location key="find.popup.0.129.1920.1200@120dpi" x="897" y="265" />
    <location key="GridCell.Tab.3.left.1920.0.2560.1440@120dpi" x="70" y="187" />
    <location key="GridCell.Tab.3.center.1920.0.2560.1440@120dpi" x="70" y="187" />
    <location key="GridCell.Tab.3.right.1920.0.2560.1440@120dpi" x="70" y="187" />
    <location key="GridCell.Tab.3.bottom.1920.0.2560.1440@120dpi" x="70" y="187" />
    <location key="GridCell.Tab.4.left.1920.0.2560.1440@120dpi" x="70" y="187" />
    <location key="GridCell.Tab.4.center.1920.0.2560.1440@120dpi" x="70" y="187" />
    <location key="GridCell.Tab.4.right.1920.0.2560.1440@120dpi" x="70" y="187" />
    <location key="GridCell.Tab.4.bottom.1920.0.2560.1440@120dpi" x="70" y="187" />
    <location key="find.popup.4480.0.2560.1440@120dpi" x="5359" y="140" />
    <location key="find.popup.0.136.1920.1200@120dpi" x="2281" y="141" />
    <location key="find.popup.0.0.1920.1080@120dpi" x="271" y="106" />
    <location key="find.popup.3840.120.1920.1080@120dpi" x="3901" y="200" />
    <size key="GridCell.Tab.0.left.1920.0.1920.1200@120dpi" width="1920" height="416" />
    <size key="GridCell.Tab.0.center.1920.0.1920.1200@120dpi" width="1920" height="416" />
    <size key="GridCell.Tab.0.right.1920.0.1920.1200@120dpi" width="1920" height="416" />
    <size key="GridCell.Tab.0.bottom.1920.0.1920.1200@120dpi" width="1920" height="416" />
    <size key="find.popup.0.0.1920.1200@120dpi" width="1227" height="950" />
    <size key="find.popup.1920.0.1920.1200@120dpi" width="769" height="716" />
    <size key="find.popup.1920.0.1920.1080@120dpi" width="1084" height="900" />
    <size key="find.popup.3840.0.1920.1080@120dpi" width="1227" height="855" />
    <size key="GridCell.Tab.0.left.1920.0.1920.1080@120dpi" width="1920" height="320" />
    <size key="GridCell.Tab.0.center.1920.0.1920.1080@120dpi" width="1920" height="320" />
    <size key="GridCell.Tab.0.right.1920.0.1920.1080@120dpi" width="1920" height="320" />
    <size key="GridCell.Tab.0.bottom.1920.0.1920.1080@120dpi" width="1920" height="320" />
    <size key="GridCell.Tab.0.left.0.0.1920.1200@120dpi" width="1854" height="523" />
    <size key="GridCell.Tab.0.center.0.0.1920.1200@120dpi" width="1854" height="523" />
    <size key="GridCell.Tab.0.right.0.0.1920.1200@120dpi" width="1854" height="523" />
    <size key="GridCell.Tab.0.bottom.0.0.1920.1200@120dpi" width="1854" height="523" />
    <size key="GridCell.Tab.1.left.1920.0.1920.1200@120dpi" width="1920" height="316" />
    <size key="GridCell.Tab.1.center.1920.0.1920.1200@120dpi" width="1920" height="316" />
    <size key="GridCell.Tab.1.right.1920.0.1920.1200@120dpi" width="1920" height="316" />
    <size key="GridCell.Tab.1.bottom.1920.0.1920.1200@120dpi" width="1920" height="316" />
    <size key="GridCell.Tab.1.left.1920.0.1920.1080@120dpi" width="1343" height="401" />
    <size key="GridCell.Tab.1.center.1920.0.1920.1080@120dpi" width="1343" height="401" />
    <size key="GridCell.Tab.1.right.1920.0.1920.1080@120dpi" width="1343" height="401" />
    <size key="GridCell.Tab.1.bottom.1920.0.1920.1080@120dpi" width="1343" height="401" />
    <size key="GridCell.Tab.0.left.3840.0.1920.1080@120dpi" width="1920" height="325" />
    <size key="GridCell.Tab.0.center.3840.0.1920.1080@120dpi" width="1920" height="325" />
    <size key="GridCell.Tab.0.right.3840.0.1920.1080@120dpi" width="1920" height="325" />
    <size key="GridCell.Tab.0.bottom.3840.0.1920.1080@120dpi" width="1920" height="325" />
    <size key="GridCell.Tab.0.left.1920.0.2560.1440@120dpi" width="2560" height="459" />
    <size key="GridCell.Tab.0.center.1920.0.2560.1440@120dpi" width="2560" height="459" />
    <size key="GridCell.Tab.0.right.1920.0.2560.1440@120dpi" width="2560" height="459" />
    <size key="GridCell.Tab.0.bottom.1920.0.2560.1440@120dpi" width="2560" height="459" />
    <size key="find.popup.1920.0.2560.1440@120dpi" width="769" height="716" />
    <size key="GridCell.Tab.1.left.1920.0.2560.1440@120dpi" width="2560" height="601" />
    <size key="GridCell.Tab.1.center.1920.0.2560.1440@120dpi" width="2560" height="601" />
    <size key="GridCell.Tab.1.right.1920.0.2560.1440@120dpi" width="2560" height="601" />
    <size key="GridCell.Tab.1.bottom.1920.0.2560.1440@120dpi" width="2560" height="601" />
    <size key="GridCell.Tab.1.left.3840.0.1920.1080@120dpi" width="1343" height="277" />
    <size key="GridCell.Tab.1.center.3840.0.1920.1080@120dpi" width="1343" height="277" />
    <size key="GridCell.Tab.1.right.3840.0.1920.1080@120dpi" width="1343" height="277" />
    <size key="GridCell.Tab.1.bottom.3840.0.1920.1080@120dpi" width="1343" height="277" />
    <size key="GridCell.Tab.0.left.4480.0.2560.1440@120dpi" width="2560" height="354" />
    <size key="GridCell.Tab.0.center.4480.0.2560.1440@120dpi" width="2560" height="354" />
    <size key="GridCell.Tab.0.right.4480.0.2560.1440@120dpi" width="2560" height="354" />
    <size key="GridCell.Tab.0.bottom.4480.0.2560.1440@120dpi" width="2560" height="354" />
    <size key="GridCell.Tab.1.left.0.0.1920.1200@120dpi" width="1343" height="312" />
    <size key="GridCell.Tab.1.center.0.0.1920.1200@120dpi" width="1343" height="312" />
    <size key="GridCell.Tab.1.right.0.0.1920.1200@120dpi" width="1343" height="312" />
    <size key="GridCell.Tab.1.bottom.0.0.1920.1200@120dpi" width="1343" height="312" />
    <size key="GridCell.Tab.1.left.4480.0.2560.1440@120dpi" width="1791" height="303" />
    <size key="GridCell.Tab.1.center.4480.0.2560.1440@120dpi" width="1791" height="303" />
    <size key="GridCell.Tab.1.right.4480.0.2560.1440@120dpi" width="1791" height="303" />
    <size key="GridCell.Tab.1.bottom.4480.0.2560.1440@120dpi" width="1791" height="303" />
    <size key="GridCell.Tab.0.left.0.129.1920.1200@120dpi" width="2560" height="126" />
    <size key="GridCell.Tab.0.center.0.129.1920.1200@120dpi" width="2560" height="126" />
    <size key="GridCell.Tab.0.right.0.129.1920.1200@120dpi" width="2560" height="126" />
    <size key="GridCell.Tab.0.bottom.0.129.1920.1200@120dpi" width="2560" height="126" />
    <size key="find.popup.0.129.1920.1200@120dpi" width="869" height="747" />
    <size key="GridCell.Tab.3.left.1920.0.2560.1440@120dpi" width="1791" height="480" />
    <size key="GridCell.Tab.3.center.1920.0.2560.1440@120dpi" width="1791" height="480" />
    <size key="GridCell.Tab.3.right.1920.0.2560.1440@120dpi" width="1791" height="480" />
    <size key="GridCell.Tab.3.bottom.1920.0.2560.1440@120dpi" width="1791" height="480" />
    <size key="GridCell.Tab.4.left.1920.0.2560.1440@120dpi" width="1791" height="893" />
    <size key="GridCell.Tab.4.center.1920.0.2560.1440@120dpi" width="1791" height="893" />
    <size key="GridCell.Tab.4.right.1920.0.2560.1440@120dpi" width="1791" height="893" />
    <size key="GridCell.Tab.4.bottom.1920.0.2560.1440@120dpi" width="1791" height="893" />
    <size key="GridCell.Tab.0.left.0.136.1920.1200@120dpi" width="2560" height="415" />
    <size key="GridCell.Tab.0.center.0.136.1920.1200@120dpi" width="2560" height="415" />
    <size key="GridCell.Tab.0.right.0.136.1920.1200@120dpi" width="2560" height="415" />
    <size key="GridCell.Tab.0.bottom.0.136.1920.1200@120dpi" width="2560" height="415" />
    <size key="GridCell.Tab.2.left.1920.0.2560.1440@120dpi" width="1791" height="480" />
    <size key="GridCell.Tab.2.center.1920.0.2560.1440@120dpi" width="1791" height="480" />
    <size key="GridCell.Tab.2.right.1920.0.2560.1440@120dpi" width="1791" height="480" />
    <size key="GridCell.Tab.2.bottom.1920.0.2560.1440@120dpi" width="1791" height="480" />
    <size key="GridCell.Tab.-1.left.1920.0.2560.1440@120dpi" width="1791" height="662" />
    <size key="GridCell.Tab.-1.center.1920.0.2560.1440@120dpi" width="1791" height="662" />
    <size key="GridCell.Tab.-1.right.1920.0.2560.1440@120dpi" width="1791" height="662" />
    <size key="GridCell.Tab.-1.bottom.1920.0.2560.1440@120dpi" width="1791" height="662" />
    <size key="find.popup.4480.0.2560.1440@120dpi" width="769" height="716" />
    <size key="find.popup.0.136.1920.1200@120dpi" width="1997" height="1241" />
    <size key="GridCell.Tab.0.left.0.0.1920.1080@120dpi" width="1920" height="178" />
    <size key="GridCell.Tab.0.center.0.0.1920.1080@120dpi" width="1920" height="178" />
    <size key="GridCell.Tab.0.right.0.0.1920.1080@120dpi" width="1920" height="178" />
    <size key="GridCell.Tab.0.bottom.0.0.1920.1080@120dpi" width="1920" height="178" />
    <size key="find.popup.0.0.1920.1080@120dpi" width="1498" height="931" />
    <size key="GridCell.Tab.0.left.3840.120.1920.1080@120dpi" width="1920" height="369" />
    <size key="GridCell.Tab.0.center.3840.120.1920.1080@120dpi" width="1920" height="369" />
    <size key="GridCell.Tab.0.right.3840.120.1920.1080@120dpi" width="1920" height="369" />
    <size key="GridCell.Tab.0.bottom.3840.120.1920.1080@120dpi" width="1920" height="369" />
    <size key="find.popup.3840.120.1920.1080@120dpi" width="1227" height="855" />
  </component>
  <component name="WindowManager">
    <frame x="1042" y="-12" width="1400" height="1112" extendedState="6" />
  </component>
  <component name="WindowStateApplicationService">
    <state x="690" y="244" width="530" height="610" key="FileChooserDialogImpl" timestamp="1746431293583">
      <screen x="0" y="0" width="1920" height="1200" />
    </state>
    <state x="690" y="244" width="530" height="610" key="FileChooserDialogImpl/0.0.1920.1200/1920.0.2560.1440" timestamp="1743168071838" />
    <state x="690" y="244" key="FileChooserDialogImpl/0.0.1920.1200/3840.120.1920.1080/1920.0.1920.1200" timestamp="1746431293583" />
    <state width="738" height="136" key="ShowUsagesActions.dimensionServiceKey" timestamp="1749817048095">
      <screen x="0" y="136" width="1920" height="1200" />
    </state>
    <state width="788" height="620" key="ShowUsagesActions.dimensionServiceKey/0.0.1920.1200/1920.0.1366.768" timestamp="1743067672415" />
    <state width="577" height="136" key="ShowUsagesActions.dimensionServiceKey/0.0.1920.1200/1920.0.1920.1200/3840.0.1920.1080" timestamp="1749198014458" />
    <state width="882" height="260" key="ShowUsagesActions.dimensionServiceKey/0.0.1920.1200/1920.0.1920.1200/3840.120.1920.1080" timestamp="1748873912968" />
    <state width="651" height="376" key="ShowUsagesActions.dimensionServiceKey/0.0.1920.1200/1920.0.2560.1440/4480.0.2560.1440" timestamp="1749630324016" />
    <state width="909" height="136" key="ShowUsagesActions.dimensionServiceKey/0.0.1920.1200/3840.0.1920.1080/1920.0.1920.1200" timestamp="1741878397681" />
    <state width="919" height="166" key="ShowUsagesActions.dimensionServiceKey/0.0.1920.1200/3840.120.1920.1080/1920.0.1920.1200" timestamp="1745485969473" />
    <state width="914" height="136" key="ShowUsagesActions.dimensionServiceKey/0.0.1920.1200/4480.0.2560.1440/1920.0.2560.1440" timestamp="1748934845503" />
    <state width="738" height="136" key="ShowUsagesActions.dimensionServiceKey/0.136.1920.1200/1920.0.2560.1440" timestamp="1749817048095" />
    <state x="3200" y="683" width="2560" height="1440" key="WELCOME_SCREEN" timestamp="1749561860450">
      <screen x="4480" y="0" width="2560" height="1440" />
    </state>
    <state x="2880" y="563" width="1920" height="1200" key="WELCOME_SCREEN/0.0.1920.1200/1920.0.1920.1200/3840.0.1920.1080" timestamp="1745840071457" />
    <state x="960" y="546" width="1390" height="876" key="WELCOME_SCREEN/0.0.1920.1200/1920.0.1920.1200/3840.120.1920.1080" timestamp="1749105582851" />
    <state x="960" y="546" width="1390" height="876" key="WELCOME_SCREEN/0.0.1920.1200/1920.0.2560.1440" timestamp="1743175261184" />
    <state x="3200" y="683" width="2560" height="1440" key="WELCOME_SCREEN/0.0.1920.1200/1920.0.2560.1440/4480.0.2560.1440" timestamp="1749561860450" />
    <state x="2880" y="581" width="1920" height="1237" key="WELCOME_SCREEN/0.0.1920.1200/3840.0.1920.1080/1920.0.1920.1200" timestamp="1741012775151" />
    <state x="960" y="563" width="1920" height="1200" key="WELCOME_SCREEN/0.0.1920.1200/3840.120.1920.1080/1920.0.1920.1200" timestamp="1746431266702" />
    <state x="960" y="563" width="1920" height="1200" key="WELCOME_SCREEN/0.0.1920.1200/4480.0.2560.1440/1920.0.2560.1440" timestamp="1748801590949" />
  </component>
</application>