<filetype binary="false" description="Jenkinsfile" name="Jenkinsfile">
  <highlighting>
    <options>
      <option name="LINE_COMMENT" value="//" />
      <option name="COMMENT_START" value="/*" />
      <option name="COMMENT_END" value="*/" />
      <option name="HEX_PREFIX" value="0x" />
      <option name="NUM_POSTFIXES" value="" />
      <option name="HAS_BRACES" value="true" />
      <option name="HAS_BRACKETS" value="true" />
      <option name="HAS_PARENS" value="true" />
      <option name="HAS_STRING_ESCAPES" value="true" />
    </options>
    <keywords keywords="catch;def;else;finally;if;try" ignore_case="false" />
    <keywords2 keywords="ansiColor;node;rocketSend;stage" />
  </highlighting>
  <extensionMap>
    <mapping pattern="Jenkinsfile" />
  </extensionMap>
</filetype>